params,mean_test_score,std_test_score,rank_test_score,mean_test_rmse
"{'colsample_bytree': 0.8, 'learning_rate': 0.05, 'max_depth': 3, 'min_child_weight': 1, 'n_estimators': 300, 'subsample': 0.8}",-0.31940481564261775,0.1979958195052369,1,0.5651591064847294
"{'colsample_bytree': 0.8, 'learning_rate': 0.05, 'max_depth': 3, 'min_child_weight': 1, 'n_estimators': 200, 'subsample': 0.8}",-0.3199356837557949,0.19858720990486514,2,0.5656285740269801
"{'colsample_bytree': 0.8, 'learning_rate': 0.05, 'max_depth': 3, 'min_child_weight': 3, 'n_estimators': 300, 'subsample': 0.8}",-0.3242463301207411,0.18077318710667,3,0.5694263166738442
"{'colsample_bytree': 0.8, 'learning_rate': 0.05, 'max_depth': 3, 'min_child_weight': 3, 'n_estimators': 200, 'subsample': 0.8}",-0.3252878414581576,0.18200424202205057,4,0.5703401103360675
"{'colsample_bytree': 0.8, 'learning_rate': 0.1, 'max_depth': 3, 'min_child_weight': 1, 'n_estimators': 200, 'subsample': 0.8}",-0.32955818104356577,0.18923761610126202,5,0.574071581811507
"{'colsample_bytree': 0.8, 'learning_rate': 0.1, 'max_depth': 3, 'min_child_weight': 1, 'n_estimators': 300, 'subsample': 0.8}",-0.3295595698939346,0.1892353562243061,6,0.5740727914593536
"{'colsample_bytree': 0.8, 'learning_rate': 0.1, 'max_depth': 3, 'min_child_weight': 1, 'n_estimators': 100, 'subsample': 0.8}",-0.33005773227222895,0.18988768670061315,7,0.5745065119493676
"{'colsample_bytree': 0.8, 'learning_rate': 0.05, 'max_depth': 3, 'min_child_weight': 5, 'n_estimators': 300, 'subsample': 0.8}",-0.33098105368978537,0.19427401554185925,8,0.5753095285929005
"{'colsample_bytree': 0.8, 'learning_rate': 0.05, 'max_depth': 3, 'min_child_weight': 1, 'n_estimators': 100, 'subsample': 0.8}",-0.3312220470566326,0.20624912707983636,9,0.5755189371833325
"{'colsample_bytree': 0.8, 'learning_rate': 0.05, 'max_depth': 3, 'min_child_weight': 5, 'n_estimators': 200, 'subsample': 0.8}",-0.3319293681684804,0.19504634623639913,10,0.5761331167086999
"{'colsample_bytree': 1.0, 'learning_rate': 0.05, 'max_depth': 3, 'min_child_weight': 3, 'n_estimators': 300, 'subsample': 0.8}",-0.3364242750430065,0.18900580470876274,11,0.5800209263837008
"{'colsample_bytree': 0.8, 'learning_rate': 0.05, 'max_depth': 3, 'min_child_weight': 3, 'n_estimators': 100, 'subsample': 0.8}",-0.3364992739120334,0.1918054580479445,12,0.5800855746457012
"{'colsample_bytree': 1.0, 'learning_rate': 0.05, 'max_depth': 3, 'min_child_weight': 3, 'n_estimators': 200, 'subsample': 0.8}",-0.33712545971256747,0.189702252584348,13,0.5806250594941347
"{'colsample_bytree': 0.8, 'learning_rate': 0.1, 'max_depth': 3, 'min_child_weight': 3, 'n_estimators': 300, 'subsample': 0.8}",-0.33713010023615814,0.17788228861424552,14,0.580629055625154
"{'colsample_bytree': 0.8, 'learning_rate': 0.1, 'max_depth': 3, 'min_child_weight': 3, 'n_estimators': 200, 'subsample': 0.8}",-0.33713923038050353,0.17789773880120766,15,0.5806369178587455
"{'colsample_bytree': 1.0, 'learning_rate': 0.1, 'max_depth': 7, 'min_child_weight': 1, 'n_estimators': 300, 'subsample': 0.8}",-0.33720871335530467,0.16276889725661023,16,0.5806967481873001
"{'colsample_bytree': 1.0, 'learning_rate': 0.1, 'max_depth': 7, 'min_child_weight': 1, 'n_estimators': 200, 'subsample': 0.8}",-0.33722110219979023,0.16277966484449116,17,0.5807074153132455
"{'colsample_bytree': 0.8, 'learning_rate': 0.1, 'max_depth': 7, 'min_child_weight': 5, 'n_estimators': 300, 'subsample': 0.8}",-0.33742970414761,0.16453059507983464,18,0.5808869977436317
"{'colsample_bytree': 1.0, 'learning_rate': 0.1, 'max_depth': 7, 'min_child_weight': 1, 'n_estimators': 100, 'subsample': 0.8}",-0.33762566123970184,0.1631208740841523,19,0.5810556438411917
"{'colsample_bytree': 0.8, 'learning_rate': 0.1, 'max_depth': 7, 'min_child_weight': 5, 'n_estimators': 200, 'subsample': 0.8}",-0.33799691692123857,0.1649703730871837,20,0.5813750226155563
"{'colsample_bytree': 0.8, 'learning_rate': 0.1, 'max_depth': 3, 'min_child_weight': 3, 'n_estimators': 100, 'subsample': 0.8}",-0.33841391156736594,0.17939497176427502,21,0.5817335400055303
"{'colsample_bytree': 0.8, 'learning_rate': 0.1, 'max_depth': 7, 'min_child_weight': 5, 'n_estimators': 100, 'subsample': 0.8}",-0.338827850967104,0.16607909828649367,22,0.5820892122064315
"{'colsample_bytree': 1.0, 'learning_rate': 0.1, 'max_depth': 5, 'min_child_weight': 1, 'n_estimators': 300, 'subsample': 0.8}",-0.33890230850640435,0.16727715589726339,23,0.5821531658476181
"{'colsample_bytree': 1.0, 'learning_rate': 0.1, 'max_depth': 5, 'min_child_weight': 1, 'n_estimators': 200, 'subsample': 0.8}",-0.338913341239046,0.16728662048505977,24,0.5821626415693865
"{'colsample_bytree': 1.0, 'learning_rate': 0.1, 'max_depth': 5, 'min_child_weight': 1, 'n_estimators': 100, 'subsample': 0.8}",-0.3392310502221006,0.16771896072164286,25,0.5824354472575485
"{'colsample_bytree': 0.8, 'learning_rate': 0.1, 'max_depth': 3, 'min_child_weight': 5, 'n_estimators': 300, 'subsample': 0.8}",-0.33965712265291,0.17330594020637022,26,0.582801100421842
"{'colsample_bytree': 0.8, 'learning_rate': 0.1, 'max_depth': 3, 'min_child_weight': 5, 'n_estimators': 200, 'subsample': 0.8}",-0.34003290781496204,0.17358100806395618,27,0.5831234070202996
"{'colsample_bytree': 0.8, 'learning_rate': 0.1, 'max_depth': 5, 'min_child_weight': 5, 'n_estimators': 300, 'subsample': 0.8}",-0.3405683872436564,0.16019097806260008,28,0.5835823740001547
"{'colsample_bytree': 0.8, 'learning_rate': 0.1, 'max_depth': 5, 'min_child_weight': 5, 'n_estimators': 200, 'subsample': 0.8}",-0.34096203905453015,0.16050487993898166,29,0.5839195484435593
"{'colsample_bytree': 1.0, 'learning_rate': 0.1, 'max_depth': 3, 'min_child_weight': 3, 'n_estimators': 300, 'subsample': 0.8}",-0.3411977056561077,0.18847150063147064,30,0.5841213107361413
"{'colsample_bytree': 1.0, 'learning_rate': 0.1, 'max_depth': 3, 'min_child_weight': 3, 'n_estimators': 200, 'subsample': 0.8}",-0.3412138297992653,0.18850222579071066,31,0.5841351126231544
"{'colsample_bytree': 0.8, 'learning_rate': 0.1, 'max_depth': 5, 'min_child_weight': 5, 'n_estimators': 100, 'subsample': 0.8}",-0.3417545784565451,0.16176954008708613,32,0.5845977920387188
"{'colsample_bytree': 0.8, 'learning_rate': 0.1, 'max_depth': 3, 'min_child_weight': 5, 'n_estimators': 100, 'subsample': 0.8}",-0.3419783854181313,0.17532098806813368,33,0.5847891803189688
"{'colsample_bytree': 0.8, 'learning_rate': 0.05, 'max_depth': 3, 'min_child_weight': 5, 'n_estimators': 100, 'subsample': 0.8}",-0.3421517645654658,0.2000169033479169,34,0.5849374022623838
"{'colsample_bytree': 1.0, 'learning_rate': 0.05, 'max_depth': 3, 'min_child_weight': 1, 'n_estimators': 300, 'subsample': 0.8}",-0.34229138554519795,0.1971860240923076,35,0.5850567370308609
"{'colsample_bytree': 1.0, 'learning_rate': 0.1, 'max_depth': 3, 'min_child_weight': 3, 'n_estimators': 100, 'subsample': 0.8}",-0.3427197551186533,0.1901027280735554,36,0.5854227148980925
"{'colsample_bytree': 1.0, 'learning_rate': 0.05, 'max_depth': 3, 'min_child_weight': 1, 'n_estimators': 200, 'subsample': 0.8}",-0.34291750771817525,0.19764458612489963,37,0.5855915878137042
"{'colsample_bytree': 1.0, 'learning_rate': 0.1, 'max_depth': 7, 'min_child_weight': 3, 'n_estimators': 300, 'subsample': 0.8}",-0.3440178938687962,0.17218820705857846,38,0.586530386142778
"{'colsample_bytree': 1.0, 'learning_rate': 0.1, 'max_depth': 7, 'min_child_weight': 3, 'n_estimators': 200, 'subsample': 0.8}",-0.3440832369656414,0.17222333192582379,39,0.5865860865769332
"{'colsample_bytree': 0.8, 'learning_rate': 0.1, 'max_depth': 7, 'min_child_weight': 3, 'n_estimators': 300, 'subsample': 0.8}",-0.34419611900910024,0.1538502208024169,40,0.5866822981896592
"{'colsample_bytree': 0.8, 'learning_rate': 0.1, 'max_depth': 7, 'min_child_weight': 3, 'n_estimators': 200, 'subsample': 0.8}",-0.3443485012473103,0.15394089886260828,41,0.5868121515845682
"{'colsample_bytree': 1.0, 'learning_rate': 0.1, 'max_depth': 3, 'min_child_weight': 1, 'n_estimators': 200, 'subsample': 0.8}",-0.3446366699866221,0.19482881093479748,42,0.5870576377040181
"{'colsample_bytree': 1.0, 'learning_rate': 0.1, 'max_depth': 3, 'min_child_weight': 1, 'n_estimators': 300, 'subsample': 0.8}",-0.34463961623317346,0.19481882931939537,43,0.5870601470319489
"{'colsample_bytree': 1.0, 'learning_rate': 0.1, 'max_depth': 7, 'min_child_weight': 3, 'n_estimators': 100, 'subsample': 0.8}",-0.3453054220168324,0.1734292330695015,44,0.5876269411938432
"{'colsample_bytree': 1.0, 'learning_rate': 0.1, 'max_depth': 3, 'min_child_weight': 1, 'n_estimators': 100, 'subsample': 0.8}",-0.3454561213829079,0.19558165599628802,45,0.5877551542801712
"{'colsample_bytree': 1.0, 'learning_rate': 0.1, 'max_depth': 5, 'min_child_weight': 3, 'n_estimators': 300, 'subsample': 0.8}",-0.3454907909201236,0.17491167328718016,46,0.5877846467203134
"{'colsample_bytree': 1.0, 'learning_rate': 0.1, 'max_depth': 5, 'min_child_weight': 3, 'n_estimators': 200, 'subsample': 0.8}",-0.34556460912395304,0.17492434493114326,47,0.5878474369459759
"{'colsample_bytree': 0.8, 'learning_rate': 0.05, 'max_depth': 7, 'min_child_weight': 3, 'n_estimators': 300, 'subsample': 0.8}",-0.34578189131260667,0.16140327583359595,48,0.5880322196211758
"{'colsample_bytree': 0.8, 'learning_rate': 0.1, 'max_depth': 7, 'min_child_weight': 3, 'n_estimators': 100, 'subsample': 0.8}",-0.34618726996580673,0.15558758953637483,49,0.5883768095071447
"{'colsample_bytree': 0.8, 'learning_rate': 0.1, 'max_depth': 5, 'min_child_weight': 1, 'n_estimators': 300, 'subsample': 0.8}",-0.34623675760427297,0.16823570702263768,50,0.5884188623797447
"{'colsample_bytree': 0.8, 'learning_rate': 0.1, 'max_depth': 5, 'min_child_weight': 1, 'n_estimators': 200, 'subsample': 0.8}",-0.34623863778281116,0.16824452107917093,51,0.58842046003076
"{'colsample_bytree': 0.8, 'learning_rate': 0.1, 'max_depth': 7, 'min_child_weight': 1, 'n_estimators': 200, 'subsample': 0.8}",-0.3464398627821549,0.1703150985438044,52,0.5885914226202713
"{'colsample_bytree': 0.8, 'learning_rate': 0.1, 'max_depth': 7, 'min_child_weight': 1, 'n_estimators': 300, 'subsample': 0.8}",-0.34644094401249237,0.17032039952233974,53,0.588592341109271
"{'colsample_bytree': 0.8, 'learning_rate': 0.1, 'max_depth': 5, 'min_child_weight': 1, 'n_estimators': 100, 'subsample': 0.8}",-0.34661398533614546,0.16859843170657526,54,0.5887393186599188
"{'colsample_bytree': 1.0, 'learning_rate': 0.1, 'max_depth': 5, 'min_child_weight': 3, 'n_estimators': 100, 'subsample': 0.8}",-0.3467209251939165,0.17597424745167997,55,0.5888301327156386
"{'colsample_bytree': 0.8, 'learning_rate': 0.1, 'max_depth': 7, 'min_child_weight': 1, 'n_estimators': 100, 'subsample': 0.8}",-0.34701119857507984,0.17072579673607152,56,0.589076564272489
"{'colsample_bytree': 0.8, 'learning_rate': 0.1, 'max_depth': 3, 'min_child_weight': 3, 'n_estimators': 300, 'subsample': 1.0}",-0.3472158735882032,0.17427767159085267,57,0.589250263969566
"{'colsample_bytree': 0.8, 'learning_rate': 0.1, 'max_depth': 3, 'min_child_weight': 3, 'n_estimators': 200, 'subsample': 1.0}",-0.3472160412273125,0.1742779880171324,58,0.5892504062173504
"{'colsample_bytree': 0.8, 'learning_rate': 0.05, 'max_depth': 7, 'min_child_weight': 3, 'n_estimators': 200, 'subsample': 0.8}",-0.3472325388454315,0.16270821139792646,59,0.5892644048688428
"{'colsample_bytree': 0.8, 'learning_rate': 0.1, 'max_depth': 3, 'min_child_weight': 3, 'n_estimators': 100, 'subsample': 1.0}",-0.3475012614360731,0.1743100369191987,60,0.5894923760627215
"{'colsample_bytree': 1.0, 'learning_rate': 0.05, 'max_depth': 3, 'min_child_weight': 3, 'n_estimators': 100, 'subsample': 0.8}",-0.34868255337079496,0.19943970514941686,61,0.5904934829198328
"{'colsample_bytree': 0.8, 'learning_rate': 0.05, 'max_depth': 5, 'min_child_weight': 5, 'n_estimators': 300, 'subsample': 0.8}",-0.3492818694668574,0.2025918853749077,62,0.5910007355891
"{'colsample_bytree': 0.8, 'learning_rate': 0.05, 'max_depth': 5, 'min_child_weight': 3, 'n_estimators': 300, 'subsample': 0.8}",-0.34938543486599183,0.16451337478891673,63,0.5910883477670591
"{'colsample_bytree': 0.8, 'learning_rate': 0.05, 'max_depth': 7, 'min_child_weight': 5, 'n_estimators': 300, 'subsample': 0.8}",-0.3498186255154184,0.2014621351619187,64,0.591454669028336
"{'colsample_bytree': 0.8, 'learning_rate': 0.05, 'max_depth': 5, 'min_child_weight': 5, 'n_estimators': 200, 'subsample': 0.8}",-0.34983296393791496,0.20371361193546852,65,0.5914667902240285
"{'colsample_bytree': 0.8, 'learning_rate': 0.05, 'max_depth': 7, 'min_child_weight': 5, 'n_estimators': 200, 'subsample': 0.8}",-0.3501589692938215,0.20242852828887356,66,0.591742316632689
"{'colsample_bytree': 0.8, 'learning_rate': 0.05, 'max_depth': 5, 'min_child_weight': 1, 'n_estimators': 300, 'subsample': 0.8}",-0.3504470487469652,0.17906601171243902,67,0.5919856828901905
"{'colsample_bytree': 0.8, 'learning_rate': 0.05, 'max_depth': 5, 'min_child_weight': 3, 'n_estimators': 200, 'subsample': 0.8}",-0.3507053934475291,0.16594963793729903,68,0.592203844505867
"{'colsample_bytree': 0.8, 'learning_rate': 0.05, 'max_depth': 5, 'min_child_weight': 1, 'n_estimators': 200, 'subsample': 0.8}",-0.350722113562884,0.17937258505778053,69,0.592217961195778
"{'colsample_bytree': 0.8, 'learning_rate': 0.05, 'max_depth': 7, 'min_child_weight': 1, 'n_estimators': 300, 'subsample': 0.8}",-0.3509573898679121,0.1830266631795641,70,0.5924165678539992
"{'colsample_bytree': 0.8, 'learning_rate': 0.05, 'max_depth': 3, 'min_child_weight': 1, 'n_estimators': 300, 'subsample': 1.0}",-0.35105462520710373,0.17283170471350598,71,0.5924986288651677
"{'colsample_bytree': 0.8, 'learning_rate': 0.05, 'max_depth': 7, 'min_child_weight': 1, 'n_estimators': 200, 'subsample': 0.8}",-0.35118357259524585,0.18326742789356706,72,0.5926074354876472
"{'colsample_bytree': 0.8, 'learning_rate': 0.05, 'max_depth': 3, 'min_child_weight': 1, 'n_estimators': 200, 'subsample': 1.0}",-0.3512808132392347,0.17299724599067748,73,0.5926894745473676
"{'colsample_bytree': 1.0, 'learning_rate': 0.05, 'max_depth': 5, 'min_child_weight': 5, 'n_estimators': 300, 'subsample': 0.8}",-0.35162249729169104,0.19296733446290332,74,0.5929776532818847
"{'colsample_bytree': 1.0, 'learning_rate': 0.05, 'max_depth': 7, 'min_child_weight': 5, 'n_estimators': 300, 'subsample': 0.8}",-0.3524371481066777,0.19454051476123407,75,0.5936641711495462
"{'colsample_bytree': 1.0, 'learning_rate': 0.1, 'max_depth': 3, 'min_child_weight': 5, 'n_estimators': 300, 'subsample': 0.8}",-0.3525880640938183,0.18411073331619152,76,0.5937912630662548
"{'colsample_bytree': 1.0, 'learning_rate': 0.05, 'max_depth': 5, 'min_child_weight': 5, 'n_estimators': 200, 'subsample': 0.8}",-0.3526976805024127,0.19427029549367866,77,0.5938835580334016
"{'colsample_bytree': 1.0, 'learning_rate': 0.1, 'max_depth': 3, 'min_child_weight': 5, 'n_estimators': 200, 'subsample': 0.8}",-0.3527688967494325,0.18442870114003657,78,0.593943513096517
"{'colsample_bytree': 1.0, 'learning_rate': 0.05, 'max_depth': 7, 'min_child_weight': 5, 'n_estimators': 200, 'subsample': 0.8}",-0.3529742952572036,0.19529712348362674,79,0.5941163987445588
"{'colsample_bytree': 1.0, 'learning_rate': 0.05, 'max_depth': 7, 'min_child_weight': 3, 'n_estimators': 300, 'subsample': 0.8}",-0.352992161555025,0.18975670268734507,80,0.5941314345791048
"{'colsample_bytree': 1.0, 'learning_rate': 0.1, 'max_depth': 3, 'min_child_weight': 5, 'n_estimators': 100, 'subsample': 0.8}",-0.3539382942970629,0.18677359962383583,81,0.5949271336029841
"{'colsample_bytree': 1.0, 'learning_rate': 0.05, 'max_depth': 3, 'min_child_weight': 5, 'n_estimators': 300, 'subsample': 0.8}",-0.35444946279141437,0.20692633647809155,82,0.5953565845704694
"{'colsample_bytree': 1.0, 'learning_rate': 0.05, 'max_depth': 7, 'min_child_weight': 3, 'n_estimators': 200, 'subsample': 0.8}",-0.3545029362529867,0.19115441510506023,83,0.5954014916449124
"{'colsample_bytree': 1.0, 'learning_rate': 0.05, 'max_depth': 3, 'min_child_weight': 1, 'n_estimators': 100, 'subsample': 0.8}",-0.35523222171553576,0.20649143667970718,84,0.5960136086663925
"{'colsample_bytree': 1.0, 'learning_rate': 0.05, 'max_depth': 3, 'min_child_weight': 5, 'n_estimators': 200, 'subsample': 0.8}",-0.3552418792270871,0.20788362048635406,85,0.5960217103655597
"{'colsample_bytree': 0.8, 'learning_rate': 0.1, 'max_depth': 5, 'min_child_weight': 3, 'n_estimators': 300, 'subsample': 0.8}",-0.35548044200856455,0.14282743297430248,86,0.5962218060491955
"{'colsample_bytree': 0.8, 'learning_rate': 0.1, 'max_depth': 5, 'min_child_weight': 3, 'n_estimators': 200, 'subsample': 0.8}",-0.3556387495330105,0.14289239801753081,87,0.5963545501905813
"{'colsample_bytree': 0.8, 'learning_rate': 0.05, 'max_depth': 3, 'min_child_weight': 3, 'n_estimators': 300, 'subsample': 1.0}",-0.3561843427014556,0.17402228681939289,88,0.5968118151490096
"{'colsample_bytree': 0.8, 'learning_rate': 0.1, 'max_depth': 3, 'min_child_weight': 5, 'n_estimators': 300, 'subsample': 1.0}",-0.3563774595475821,0.18734854946069,89,0.5969735836262624
"{'colsample_bytree': 0.8, 'learning_rate': 0.1, 'max_depth': 3, 'min_child_weight': 5, 'n_estimators': 200, 'subsample': 1.0}",-0.3564372909753258,0.18740620926840304,90,0.5970236938140109
"{'colsample_bytree': 0.8, 'learning_rate': 0.05, 'max_depth': 3, 'min_child_weight': 3, 'n_estimators': 200, 'subsample': 1.0}",-0.3566585655370466,0.1742645409268383,91,0.5972089797860097
"{'colsample_bytree': 0.8, 'learning_rate': 0.1, 'max_depth': 5, 'min_child_weight': 3, 'n_estimators': 100, 'subsample': 0.8}",-0.3570645745839495,0.14438614735533134,92,0.5975488051899607
"{'colsample_bytree': 0.8, 'learning_rate': 0.1, 'max_depth': 3, 'min_child_weight': 5, 'n_estimators': 100, 'subsample': 1.0}",-0.35738805248345124,0.18806693899801807,93,0.5978194146090031
"{'colsample_bytree': 0.8, 'learning_rate': 0.05, 'max_depth': 7, 'min_child_weight': 3, 'n_estimators': 100, 'subsample': 0.8}",-0.3574605119999545,0.1719641380378471,94,0.5978800147186344
"{'colsample_bytree': 1.0, 'learning_rate': 0.05, 'max_depth': 5, 'min_child_weight': 3, 'n_estimators': 300, 'subsample': 0.8}",-0.35881552587331184,0.18591871798174087,95,0.5990121249802143
"{'colsample_bytree': 0.8, 'learning_rate': 0.05, 'max_depth': 5, 'min_child_weight': 5, 'n_estimators': 100, 'subsample': 0.8}",-0.3588185334148534,0.2086124489168413,96,0.5990146353928704
"{'colsample_bytree': 1.0, 'learning_rate': 0.05, 'max_depth': 7, 'min_child_weight': 1, 'n_estimators': 300, 'subsample': 0.8}",-0.3593206813743289,0.1981287896978477,97,0.5994336338364147
"{'colsample_bytree': 1.0, 'learning_rate': 0.05, 'max_depth': 7, 'min_child_weight': 1, 'n_estimators': 200, 'subsample': 0.8}",-0.3595964170310949,0.19847827459174167,98,0.5996635865475699
"{'colsample_bytree': 0.8, 'learning_rate': 0.05, 'max_depth': 7, 'min_child_weight': 5, 'n_estimators': 100, 'subsample': 0.8}",-0.3600181026952557,0.20676430908155508,99,0.6000150853897389
"{'colsample_bytree': 1.0, 'learning_rate': 0.05, 'max_depth': 5, 'min_child_weight': 3, 'n_estimators': 200, 'subsample': 0.8}",-0.3602997812639354,0.18742524850284314,100,0.6002497657341779
"{'colsample_bytree': 0.8, 'learning_rate': 0.05, 'max_depth': 5, 'min_child_weight': 3, 'n_estimators': 100, 'subsample': 0.8}",-0.3604033606384355,0.17468137522375937,101,0.6003360397630942
"{'colsample_bytree': 0.8, 'learning_rate': 0.05, 'max_depth': 5, 'min_child_weight': 1, 'n_estimators': 100, 'subsample': 0.8}",-0.3604629448484117,0.18743821769131405,102,0.6003856634267775
"{'colsample_bytree': 0.8, 'learning_rate': 0.05, 'max_depth': 3, 'min_child_weight': 5, 'n_estimators': 300, 'subsample': 1.0}",-0.36068572604459187,0.2011217595850705,103,0.6005711665111737
"{'colsample_bytree': 0.8, 'learning_rate': 0.05, 'max_depth': 7, 'min_child_weight': 1, 'n_estimators': 100, 'subsample': 0.8}",-0.360911378307465,0.19074914934296383,104,0.6007590018530434
"{'colsample_bytree': 0.8, 'learning_rate': 0.05, 'max_depth': 3, 'min_child_weight': 5, 'n_estimators': 200, 'subsample': 1.0}",-0.3615265437951881,0.20172080913302207,105,0.6012707741069643
"{'colsample_bytree': 0.8, 'learning_rate': 0.05, 'max_depth': 3, 'min_child_weight': 1, 'n_estimators': 100, 'subsample': 1.0}",-0.36184489021307137,0.1796026736038762,106,0.6015354438543679
"{'colsample_bytree': 1.0, 'learning_rate': 0.05, 'max_depth': 7, 'min_child_weight': 5, 'n_estimators': 100, 'subsample': 0.8}",-0.3637056219334226,0.2007863935378787,107,0.6030801123676875
"{'colsample_bytree': 1.0, 'learning_rate': 0.05, 'max_depth': 5, 'min_child_weight': 5, 'n_estimators': 100, 'subsample': 0.8}",-0.3637239044361551,0.20078519252113552,108,0.6030952697842648
"{'colsample_bytree': 1.0, 'learning_rate': 0.05, 'max_depth': 7, 'min_child_weight': 3, 'n_estimators': 100, 'subsample': 0.8}",-0.363795811226299,0.20021487210398514,109,0.6031548816235337
"{'colsample_bytree': 1.0, 'learning_rate': 0.05, 'max_depth': 5, 'min_child_weight': 1, 'n_estimators': 300, 'subsample': 0.8}",-0.3638016985614456,0.20683785620747763,110,0.603159762054338
"{'colsample_bytree': 1.0, 'learning_rate': 0.05, 'max_depth': 3, 'min_child_weight': 5, 'n_estimators': 100, 'subsample': 0.8}",-0.3638509341923865,0.21367465411031988,111,0.603200575424449
"{'colsample_bytree': 1.0, 'learning_rate': 0.05, 'max_depth': 5, 'min_child_weight': 1, 'n_estimators': 200, 'subsample': 0.8}",-0.3642139266903977,0.20727650850337354,112,0.6035013891370903
"{'colsample_bytree': 1.0, 'learning_rate': 0.05, 'max_depth': 3, 'min_child_weight': 3, 'n_estimators': 300, 'subsample': 1.0}",-0.36440073736892276,0.1740200139026767,113,0.6036561416642117
"{'colsample_bytree': 1.0, 'learning_rate': 0.05, 'max_depth': 3, 'min_child_weight': 3, 'n_estimators': 200, 'subsample': 1.0}",-0.3646258804555048,0.17410952787072592,114,0.6038425957611013
"{'colsample_bytree': 1.0, 'learning_rate': 0.1, 'max_depth': 7, 'min_child_weight': 5, 'n_estimators': 300, 'subsample': 0.8}",-0.3660684720414181,0.20245265109023447,115,0.6050359262402673
"{'colsample_bytree': 1.0, 'learning_rate': 0.1, 'max_depth': 7, 'min_child_weight': 5, 'n_estimators': 200, 'subsample': 0.8}",-0.36641030443047357,0.20280695879567132,116,0.6053183496561735
"{'colsample_bytree': 0.8, 'learning_rate': 0.05, 'max_depth': 3, 'min_child_weight': 3, 'n_estimators': 100, 'subsample': 1.0}",-0.36733153869057256,0.17852261052042231,117,0.6060788221762682
"{'colsample_bytree': 1.0, 'learning_rate': 0.1, 'max_depth': 7, 'min_child_weight': 5, 'n_estimators': 100, 'subsample': 0.8}",-0.3676201031441956,0.20456529745209714,118,0.6063168339607565
"{'colsample_bytree': 1.0, 'learning_rate': 0.1, 'max_depth': 5, 'min_child_weight': 5, 'n_estimators': 300, 'subsample': 0.8}",-0.3694960698325246,0.20193614102405888,119,0.6078618838457669
"{'colsample_bytree': 1.0, 'learning_rate': 0.1, 'max_depth': 5, 'min_child_weight': 5, 'n_estimators': 200, 'subsample': 0.8}",-0.36984050248817696,0.2022989422079648,120,0.6081451327505442
"{'colsample_bytree': 1.0, 'learning_rate': 0.05, 'max_depth': 5, 'min_child_weight': 3, 'n_estimators': 100, 'subsample': 0.8}",-0.37042474318588925,0.1958781935625586,121,0.6086252896371372
"{'colsample_bytree': 1.0, 'learning_rate': 0.05, 'max_depth': 7, 'min_child_weight': 1, 'n_estimators': 100, 'subsample': 0.8}",-0.3708126790486175,0.210372307068571,122,0.6089439046813897
"{'colsample_bytree': 1.0, 'learning_rate': 0.1, 'max_depth': 5, 'min_child_weight': 5, 'n_estimators': 100, 'subsample': 0.8}",-0.3713947071438608,0.2042714069125848,123,0.6094216168990568
"{'colsample_bytree': 0.8, 'learning_rate': 0.05, 'max_depth': 3, 'min_child_weight': 5, 'n_estimators': 100, 'subsample': 1.0}",-0.3715237779261462,0.20782643273803994,124,0.609527503830751
"{'colsample_bytree': 1.0, 'learning_rate': 0.05, 'max_depth': 3, 'min_child_weight': 5, 'n_estimators': 300, 'subsample': 1.0}",-0.3719385778251758,0.20665561566329288,125,0.6098676723889993
"{'colsample_bytree': 1.0, 'learning_rate': 0.05, 'max_depth': 3, 'min_child_weight': 5, 'n_estimators': 200, 'subsample': 1.0}",-0.37230951896070036,0.20666952188786195,126,0.6101717126847985
"{'colsample_bytree': 0.8, 'learning_rate': 0.1, 'max_depth': 3, 'min_child_weight': 1, 'n_estimators': 300, 'subsample': 1.0}",-0.3729921377950352,0.18000813414444272,127,0.6107308226993584
"{'colsample_bytree': 0.8, 'learning_rate': 0.1, 'max_depth': 3, 'min_child_weight': 1, 'n_estimators': 200, 'subsample': 1.0}",-0.3729923388054176,0.1800084326548186,128,0.6107309872647839
"{'colsample_bytree': 0.8, 'learning_rate': 0.1, 'max_depth': 3, 'min_child_weight': 1, 'n_estimators': 100, 'subsample': 1.0}",-0.3732878361089106,0.18019826844192205,129,0.6109728603701727
"{'colsample_bytree': 1.0, 'learning_rate': 0.1, 'max_depth': 3, 'min_child_weight': 3, 'n_estimators': 300, 'subsample': 1.0}",-0.37405163402669867,0.18486705386456717,130,0.6115976079308181
"{'colsample_bytree': 1.0, 'learning_rate': 0.1, 'max_depth': 3, 'min_child_weight': 3, 'n_estimators': 200, 'subsample': 1.0}",-0.3740516493358128,0.18486720963688258,131,0.6115976204464932
"{'colsample_bytree': 1.0, 'learning_rate': 0.1, 'max_depth': 3, 'min_child_weight': 3, 'n_estimators': 100, 'subsample': 1.0}",-0.374095269910217,0.18456653092338626,132,0.6116332805776816
"{'colsample_bytree': 1.0, 'learning_rate': 0.05, 'max_depth': 3, 'min_child_weight': 3, 'n_estimators': 100, 'subsample': 1.0}",-0.3748752423636416,0.18018924545258372,133,0.6122705630386305
"{'colsample_bytree': 1.0, 'learning_rate': 0.05, 'max_depth': 3, 'min_child_weight': 1, 'n_estimators': 300, 'subsample': 1.0}",-0.37493229211894114,0.1962015342018673,134,0.6123171499467749
"{'colsample_bytree': 1.0, 'learning_rate': 0.05, 'max_depth': 3, 'min_child_weight': 1, 'n_estimators': 200, 'subsample': 1.0}",-0.37527629279369457,0.1964848918044238,135,0.6125979862794968
"{'colsample_bytree': 1.0, 'learning_rate': 0.1, 'max_depth': 3, 'min_child_weight': 5, 'n_estimators': 300, 'subsample': 1.0}",-0.3754843847448782,0.21147115841538827,136,0.6127678065506365
"{'colsample_bytree': 1.0, 'learning_rate': 0.1, 'max_depth': 3, 'min_child_weight': 5, 'n_estimators': 200, 'subsample': 1.0}",-0.3754921996567882,0.21151675954249877,137,0.6127741832492523
"{'colsample_bytree': 1.0, 'learning_rate': 0.1, 'max_depth': 3, 'min_child_weight': 5, 'n_estimators': 100, 'subsample': 1.0}",-0.37580333509291225,0.2121054506586948,138,0.6130280051456967
"{'colsample_bytree': 1.0, 'learning_rate': 0.05, 'max_depth': 5, 'min_child_weight': 1, 'n_estimators': 100, 'subsample': 0.8}",-0.37652286229417004,0.22007974581943,139,0.6136145877455734
"{'colsample_bytree': 1.0, 'learning_rate': 0.05, 'max_depth': 3, 'min_child_weight': 5, 'n_estimators': 100, 'subsample': 1.0}",-0.37892198823185885,0.21112391253085752,140,0.6155663962822036
"{'colsample_bytree': 1.0, 'learning_rate': 0.1, 'max_depth': 3, 'min_child_weight': 1, 'n_estimators': 300, 'subsample': 1.0}",-0.3818200731655228,0.1880632237732968,141,0.6179159110797543
"{'colsample_bytree': 1.0, 'learning_rate': 0.1, 'max_depth': 3, 'min_child_weight': 1, 'n_estimators': 200, 'subsample': 1.0}",-0.3818201976216982,0.18806340326882987,142,0.6179160117861474
"{'colsample_bytree': 1.0, 'learning_rate': 0.1, 'max_depth': 3, 'min_child_weight': 1, 'n_estimators': 100, 'subsample': 1.0}",-0.381999905583127,0.18832971351047265,143,0.6180614092330365
"{'colsample_bytree': 1.0, 'learning_rate': 0.05, 'max_depth': 3, 'min_child_weight': 1, 'n_estimators': 100, 'subsample': 1.0}",-0.3847738184459962,0.20253270909706325,144,0.6203013932323513
"{'colsample_bytree': 0.8, 'learning_rate': 0.01, 'max_depth': 3, 'min_child_weight': 1, 'n_estimators': 300, 'subsample': 0.8}",-0.387384249795052,0.21601846698953203,145,0.6224020001534796
"{'colsample_bytree': 1.0, 'learning_rate': 0.01, 'max_depth': 3, 'min_child_weight': 1, 'n_estimators': 300, 'subsample': 0.8}",-0.3904034161004635,0.21954589561072538,146,0.6248227077343328
"{'colsample_bytree': 1.0, 'learning_rate': 0.01, 'max_depth': 3, 'min_child_weight': 5, 'n_estimators': 300, 'subsample': 0.8}",-0.39165961490351203,0.21609704759080994,147,0.6258271445882737
"{'colsample_bytree': 0.8, 'learning_rate': 0.01, 'max_depth': 3, 'min_child_weight': 3, 'n_estimators': 300, 'subsample': 0.8}",-0.3934766439566575,0.20167794828099847,148,0.6272771667745108
"{'colsample_bytree': 0.8, 'learning_rate': 0.01, 'max_depth': 3, 'min_child_weight': 5, 'n_estimators': 300, 'subsample': 0.8}",-0.3942370225155911,0.2164805018991641,149,0.6278829688051676
"{'colsample_bytree': 1.0, 'learning_rate': 0.01, 'max_depth': 3, 'min_child_weight': 3, 'n_estimators': 300, 'subsample': 0.8}",-0.40169636385227425,0.20070535823711197,150,0.6337952065551413
"{'colsample_bytree': 0.8, 'learning_rate': 0.01, 'max_depth': 7, 'min_child_weight': 5, 'n_estimators': 300, 'subsample': 0.8}",-0.40179765730687256,0.21490416443404128,151,0.6338751117585171
"{'colsample_bytree': 0.8, 'learning_rate': 0.01, 'max_depth': 5, 'min_child_weight': 5, 'n_estimators': 300, 'subsample': 0.8}",-0.4019278211395078,0.21466294252275625,152,0.6339777765344049
"{'colsample_bytree': 0.8, 'learning_rate': 0.01, 'max_depth': 5, 'min_child_weight': 1, 'n_estimators': 300, 'subsample': 0.8}",-0.40447830963142106,0.203388932727719,153,0.6359860923254699
"{'colsample_bytree': 0.8, 'learning_rate': 0.01, 'max_depth': 7, 'min_child_weight': 1, 'n_estimators': 300, 'subsample': 0.8}",-0.4067999408852736,0.20573747091498928,154,0.63780870242203
"{'colsample_bytree': 1.0, 'learning_rate': 0.01, 'max_depth': 7, 'min_child_weight': 5, 'n_estimators': 300, 'subsample': 0.8}",-0.4084206505655552,0.2134267457057663,155,0.6390779690816726
"{'colsample_bytree': 1.0, 'learning_rate': 0.01, 'max_depth': 5, 'min_child_weight': 1, 'n_estimators': 300, 'subsample': 0.8}",-0.4088507484295512,0.20931432073938183,156,0.6394143792796274
"{'colsample_bytree': 1.0, 'learning_rate': 0.01, 'max_depth': 5, 'min_child_weight': 5, 'n_estimators': 300, 'subsample': 0.8}",-0.4089820859968725,0.2133206781331692,157,0.6395170724827232
"{'colsample_bytree': 0.8, 'learning_rate': 0.1, 'max_depth': 5, 'min_child_weight': 1, 'n_estimators': 300, 'subsample': 1.0}",-0.4104312500640269,0.17973175313993126,158,0.6406490849630763
"{'colsample_bytree': 0.8, 'learning_rate': 0.1, 'max_depth': 5, 'min_child_weight': 1, 'n_estimators': 200, 'subsample': 1.0}",-0.41043137940536634,0.179731915159032,159,0.6406491859086112
"{'colsample_bytree': 0.8, 'learning_rate': 0.1, 'max_depth': 5, 'min_child_weight': 1, 'n_estimators': 100, 'subsample': 1.0}",-0.41045273055034076,0.17964209867752767,160,0.6406658493710592
"{'colsample_bytree': 1.0, 'learning_rate': 0.01, 'max_depth': 7, 'min_child_weight': 1, 'n_estimators': 300, 'subsample': 0.8}",-0.41072256585317585,0.21108762575607135,161,0.6408764045064975
"{'colsample_bytree': 0.8, 'learning_rate': 0.01, 'max_depth': 5, 'min_child_weight': 3, 'n_estimators': 300, 'subsample': 0.8}",-0.4139688238313398,0.18939998186720738,162,0.6434040906237228
"{'colsample_bytree': 1.0, 'learning_rate': 0.01, 'max_depth': 5, 'min_child_weight': 3, 'n_estimators': 300, 'subsample': 0.8}",-0.41479815074054993,0.1774311299437023,163,0.6440482518729089
"{'colsample_bytree': 1.0, 'learning_rate': 0.01, 'max_depth': 7, 'min_child_weight': 3, 'n_estimators': 300, 'subsample': 0.8}",-0.41484262008772976,0.177009459825378,164,0.6440827742516716
"{'colsample_bytree': 0.8, 'learning_rate': 0.01, 'max_depth': 7, 'min_child_weight': 3, 'n_estimators': 300, 'subsample': 0.8}",-0.4149921217676596,0.1908343943587758,165,0.6441988216130635
"{'colsample_bytree': 0.8, 'learning_rate': 0.05, 'max_depth': 5, 'min_child_weight': 1, 'n_estimators': 300, 'subsample': 1.0}",-0.4156399703621698,0.18261117035164257,166,0.6447014583217334
"{'colsample_bytree': 0.8, 'learning_rate': 0.05, 'max_depth': 5, 'min_child_weight': 1, 'n_estimators': 200, 'subsample': 1.0}",-0.4157200220385991,0.1826558122139926,167,0.6447635396318553
"{'colsample_bytree': 0.8, 'learning_rate': 0.1, 'max_depth': 7, 'min_child_weight': 1, 'n_estimators': 300, 'subsample': 1.0}",-0.417202567393731,0.16888463636639844,168,0.6459121978982368
"{'colsample_bytree': 0.8, 'learning_rate': 0.1, 'max_depth': 7, 'min_child_weight': 1, 'n_estimators': 200, 'subsample': 1.0}",-0.4172026879057292,0.16888478397940612,169,0.6459122911864499
"{'colsample_bytree': 0.8, 'learning_rate': 0.1, 'max_depth': 7, 'min_child_weight': 1, 'n_estimators': 100, 'subsample': 1.0}",-0.41733492093497093,0.16883720514695316,170,0.6460146445205177
"{'colsample_bytree': 0.8, 'learning_rate': 0.1, 'max_depth': 5, 'min_child_weight': 3, 'n_estimators': 200, 'subsample': 1.0}",-0.4174839092521686,0.17185486537243255,171,0.6461299476515298
"{'colsample_bytree': 0.8, 'learning_rate': 0.1, 'max_depth': 5, 'min_child_weight': 3, 'n_estimators': 300, 'subsample': 1.0}",-0.417484013999904,0.17185341568042642,172,0.6461300287093179
"{'colsample_bytree': 0.8, 'learning_rate': 0.05, 'max_depth': 5, 'min_child_weight': 3, 'n_estimators': 300, 'subsample': 1.0}",-0.41781149341430873,0.1797407562106809,173,0.6463833950638805
"{'colsample_bytree': 0.8, 'learning_rate': 0.1, 'max_depth': 7, 'min_child_weight': 3, 'n_estimators': 200, 'subsample': 1.0}",-0.4180103807347411,0.17018934951060907,174,0.64653722300788
"{'colsample_bytree': 0.8, 'learning_rate': 0.1, 'max_depth': 7, 'min_child_weight': 3, 'n_estimators': 300, 'subsample': 1.0}",-0.4180108424643028,0.17018762747835,175,0.6465375800866511
"{'colsample_bytree': 0.8, 'learning_rate': 0.1, 'max_depth': 5, 'min_child_weight': 3, 'n_estimators': 100, 'subsample': 1.0}",-0.41863438962794214,0.17257146211364485,176,0.6470196207441797
"{'colsample_bytree': 0.8, 'learning_rate': 0.05, 'max_depth': 5, 'min_child_weight': 3, 'n_estimators': 200, 'subsample': 1.0}",-0.41880011200079803,0.18044864850762937,177,0.6471476740287321
"{'colsample_bytree': 0.8, 'learning_rate': 0.1, 'max_depth': 7, 'min_child_weight': 3, 'n_estimators': 100, 'subsample': 1.0}",-0.41905047640418325,0.1708770603014832,178,0.647341081968527
"{'colsample_bytree': 1.0, 'learning_rate': 0.01, 'max_depth': 3, 'min_child_weight': 3, 'n_estimators': 300, 'subsample': 1.0}",-0.41994722846762256,0.20409880966305835,179,0.6480333544406666
"{'colsample_bytree': 0.8, 'learning_rate': 0.01, 'max_depth': 3, 'min_child_weight': 3, 'n_estimators': 300, 'subsample': 1.0}",-0.42010650501103797,0.19610069795001153,180,0.6481562350321395
"{'colsample_bytree': 0.8, 'learning_rate': 0.1, 'max_depth': 7, 'min_child_weight': 5, 'n_estimators': 300, 'subsample': 1.0}",-0.4211913676382145,0.19551846442970947,181,0.6489925790316978
"{'colsample_bytree': 0.8, 'learning_rate': 0.05, 'max_depth': 5, 'min_child_weight': 5, 'n_estimators': 300, 'subsample': 1.0}",-0.4213999199284183,0.20218762816311722,182,0.6491532330108342
"{'colsample_bytree': 0.8, 'learning_rate': 0.1, 'max_depth': 7, 'min_child_weight': 5, 'n_estimators': 200, 'subsample': 1.0}",-0.4214920709905273,0.19569958426059492,183,0.6492242070275317
"{'colsample_bytree': 0.8, 'learning_rate': 0.05, 'max_depth': 7, 'min_child_weight': 5, 'n_estimators': 300, 'subsample': 1.0}",-0.42154783392663236,0.19707240593183353,184,0.6492671514304665
"{'colsample_bytree': 0.8, 'learning_rate': 0.1, 'max_depth': 5, 'min_child_weight': 5, 'n_estimators': 300, 'subsample': 1.0}",-0.421758930484821,0.19566282816962063,185,0.6494296963373487
"{'colsample_bytree': 0.8, 'learning_rate': 0.1, 'max_depth': 5, 'min_child_weight': 5, 'n_estimators': 200, 'subsample': 1.0}",-0.4220364346333896,0.1958268746911267,186,0.6496433133908095
"{'colsample_bytree': 0.8, 'learning_rate': 0.05, 'max_depth': 5, 'min_child_weight': 5, 'n_estimators': 200, 'subsample': 1.0}",-0.4225380804725332,0.20250452066823538,187,0.6500292920111626
"{'colsample_bytree': 0.8, 'learning_rate': 0.05, 'max_depth': 7, 'min_child_weight': 5, 'n_estimators': 200, 'subsample': 1.0}",-0.4226837316247781,0.19740281140753457,188,0.6501413166572158
"{'colsample_bytree': 0.8, 'learning_rate': 0.1, 'max_depth': 7, 'min_child_weight': 5, 'n_estimators': 100, 'subsample': 1.0}",-0.4230095646296649,0.1960759584284528,189,0.6503918546765979
"{'colsample_bytree': 0.8, 'learning_rate': 0.01, 'max_depth': 3, 'min_child_weight': 5, 'n_estimators': 300, 'subsample': 1.0}",-0.4233199943739506,0.224592024517721,190,0.650630459150162
"{'colsample_bytree': 0.8, 'learning_rate': 0.05, 'max_depth': 5, 'min_child_weight': 1, 'n_estimators': 100, 'subsample': 1.0}",-0.42342183152298124,0.18421240460732985,191,0.6507087148048513
"{'colsample_bytree': 0.8, 'learning_rate': 0.1, 'max_depth': 5, 'min_child_weight': 5, 'n_estimators': 100, 'subsample': 1.0}",-0.42361368415321665,0.19667225357346185,192,0.650856116321585
"{'colsample_bytree': 0.8, 'learning_rate': 0.05, 'max_depth': 7, 'min_child_weight': 3, 'n_estimators': 300, 'subsample': 1.0}",-0.42365837665252626,0.17907687691987764,193,0.6508904490407939
"{'colsample_bytree': 0.8, 'learning_rate': 0.05, 'max_depth': 7, 'min_child_weight': 3, 'n_estimators': 200, 'subsample': 1.0}",-0.4245484144642558,0.1796425219327235,194,0.6515737981719767
"{'colsample_bytree': 1.0, 'learning_rate': 0.01, 'max_depth': 3, 'min_child_weight': 5, 'n_estimators': 300, 'subsample': 1.0}",-0.4250110325239634,0.22807825541902674,195,0.651928702024971
"{'colsample_bytree': 0.8, 'learning_rate': 0.01, 'max_depth': 3, 'min_child_weight': 1, 'n_estimators': 300, 'subsample': 1.0}",-0.42660376755124985,0.20445264296367516,196,0.6531491158619522
"{'colsample_bytree': 0.8, 'learning_rate': 0.05, 'max_depth': 5, 'min_child_weight': 3, 'n_estimators': 100, 'subsample': 1.0}",-0.42772191871949194,0.1839677809100645,197,0.654004524999248
"{'colsample_bytree': 1.0, 'learning_rate': 0.05, 'max_depth': 5, 'min_child_weight': 5, 'n_estimators': 300, 'subsample': 1.0}",-0.4281901646984534,0.20772401832741855,198,0.6543624108232787
"{'colsample_bytree': 1.0, 'learning_rate': 0.05, 'max_depth': 5, 'min_child_weight': 5, 'n_estimators': 200, 'subsample': 1.0}",-0.42943635735352953,0.2082687065698728,199,0.6553139380125601
"{'colsample_bytree': 0.8, 'learning_rate': 0.05, 'max_depth': 7, 'min_child_weight': 1, 'n_estimators': 300, 'subsample': 1.0}",-0.4302804978884164,0.18115646191552928,200,0.6559576951971952
"{'colsample_bytree': 0.8, 'learning_rate': 0.05, 'max_depth': 7, 'min_child_weight': 1, 'n_estimators': 200, 'subsample': 1.0}",-0.43038629618762914,0.1811911867098645,201,0.6560383343887987
"{'colsample_bytree': 1.0, 'learning_rate': 0.1, 'max_depth': 5, 'min_child_weight': 3, 'n_estimators': 300, 'subsample': 1.0}",-0.43042706770599465,0.1863936596352986,202,0.6560694076894568
"{'colsample_bytree': 1.0, 'learning_rate': 0.1, 'max_depth': 5, 'min_child_weight': 3, 'n_estimators': 200, 'subsample': 1.0}",-0.43042789409188636,0.18639469704905526,203,0.6560700374898143
"{'colsample_bytree': 1.0, 'learning_rate': 0.1, 'max_depth': 5, 'min_child_weight': 5, 'n_estimators': 300, 'subsample': 1.0}",-0.4310968829872565,0.20203011354251801,204,0.6565796851770975
"{'colsample_bytree': 1.0, 'learning_rate': 0.05, 'max_depth': 7, 'min_child_weight': 5, 'n_estimators': 300, 'subsample': 1.0}",-0.4311105203033028,0.20651702402230074,205,0.6565900702137543
"{'colsample_bytree': 1.0, 'learning_rate': 0.1, 'max_depth': 5, 'min_child_weight': 5, 'n_estimators': 200, 'subsample': 1.0}",-0.4313667062359623,0.20223387736994575,206,0.6567851294266355
"{'colsample_bytree': 0.8, 'learning_rate': 0.05, 'max_depth': 5, 'min_child_weight': 5, 'n_estimators': 100, 'subsample': 1.0}",-0.4313979958131468,0.20471662859460077,207,0.6568089492486737
"{'colsample_bytree': 1.0, 'learning_rate': 0.01, 'max_depth': 3, 'min_child_weight': 1, 'n_estimators': 300, 'subsample': 1.0}",-0.4315024695280794,0.2162718140406353,208,0.6568884757156875
"{'colsample_bytree': 1.0, 'learning_rate': 0.1, 'max_depth': 5, 'min_child_weight': 3, 'n_estimators': 100, 'subsample': 1.0}",-0.43152770612590396,0.18734388177934536,209,0.6569076846299668
"{'colsample_bytree': 1.0, 'learning_rate': 0.1, 'max_depth': 7, 'min_child_weight': 3, 'n_estimators': 300, 'subsample': 1.0}",-0.4315795132649399,0.18549490396358442,210,0.6569471160336575
"{'colsample_bytree': 1.0, 'learning_rate': 0.1, 'max_depth': 7, 'min_child_weight': 3, 'n_estimators': 200, 'subsample': 1.0}",-0.43157977632802436,0.18549608737695353,211,0.6569473162499595
"{'colsample_bytree': 0.8, 'learning_rate': 0.05, 'max_depth': 7, 'min_child_weight': 5, 'n_estimators': 100, 'subsample': 1.0}",-0.431733876985896,0.19980264253666732,212,0.6570645911825533
"{'colsample_bytree': 1.0, 'learning_rate': 0.05, 'max_depth': 7, 'min_child_weight': 5, 'n_estimators': 200, 'subsample': 1.0}",-0.43228920682932215,0.20701693989695408,213,0.6574870392861917
"{'colsample_bytree': 1.0, 'learning_rate': 0.1, 'max_depth': 7, 'min_child_weight': 3, 'n_estimators': 100, 'subsample': 1.0}",-0.4326152776966965,0.18628177545957095,214,0.6577349600687928
"{'colsample_bytree': 1.0, 'learning_rate': 0.1, 'max_depth': 5, 'min_child_weight': 5, 'n_estimators': 100, 'subsample': 1.0}",-0.43344869991812063,0.20343610456759936,215,0.6583682099844438
"{'colsample_bytree': 0.8, 'learning_rate': 0.05, 'max_depth': 7, 'min_child_weight': 3, 'n_estimators': 100, 'subsample': 1.0}",-0.43442446705029136,0.1831637305399158,216,0.6591088430982331
"{'colsample_bytree': 1.0, 'learning_rate': 0.05, 'max_depth': 5, 'min_child_weight': 3, 'n_estimators': 300, 'subsample': 1.0}",-0.4353488329272938,0.18957864370176575,217,0.6598096944781077
"{'colsample_bytree': 0.8, 'learning_rate': 0.05, 'max_depth': 7, 'min_child_weight': 1, 'n_estimators': 100, 'subsample': 1.0}",-0.43620358621285626,0.18174234431564718,218,0.660457103991513
"{'colsample_bytree': 1.0, 'learning_rate': 0.05, 'max_depth': 5, 'min_child_weight': 3, 'n_estimators': 200, 'subsample': 1.0}",-0.43639014050768454,0.19054115667576926,219,0.6605983200914793
"{'colsample_bytree': 1.0, 'learning_rate': 0.1, 'max_depth': 7, 'min_child_weight': 5, 'n_estimators': 300, 'subsample': 1.0}",-0.4380493889475196,0.20616557382290063,220,0.6618529964784624
"{'colsample_bytree': 1.0, 'learning_rate': 0.05, 'max_depth': 5, 'min_child_weight': 5, 'n_estimators': 100, 'subsample': 1.0}",-0.4381807757300609,0.21097502295573892,221,0.6619522458078535
"{'colsample_bytree': 1.0, 'learning_rate': 0.1, 'max_depth': 7, 'min_child_weight': 5, 'n_estimators': 200, 'subsample': 1.0}",-0.43836319768231424,0.20639796262690957,222,0.6620900223401001
"{'colsample_bytree': 1.0, 'learning_rate': 0.05, 'max_depth': 7, 'min_child_weight': 3, 'n_estimators': 300, 'subsample': 1.0}",-0.438363486383898,0.18778138539098438,223,0.6620902403629719
"{'colsample_bytree': 1.0, 'learning_rate': 0.05, 'max_depth': 7, 'min_child_weight': 3, 'n_estimators': 200, 'subsample': 1.0}",-0.43938504986348736,0.18863146873252704,224,0.6628612598903992
"{'colsample_bytree': 1.0, 'learning_rate': 0.1, 'max_depth': 7, 'min_child_weight': 5, 'n_estimators': 100, 'subsample': 1.0}",-0.4399936466117812,0.2077291684128665,225,0.6633201690072308
"{'colsample_bytree': 1.0, 'learning_rate': 0.05, 'max_depth': 7, 'min_child_weight': 5, 'n_estimators': 100, 'subsample': 1.0}",-0.44029367876245795,0.2093556644220401,226,0.6635462898415286
"{'colsample_bytree': 0.8, 'learning_rate': 0.01, 'max_depth': 3, 'min_child_weight': 1, 'n_estimators': 200, 'subsample': 0.8}",-0.4403441221622214,0.23513274420191796,227,0.6635842992131605
"{'colsample_bytree': 1.0, 'learning_rate': 0.01, 'max_depth': 3, 'min_child_weight': 1, 'n_estimators': 200, 'subsample': 0.8}",-0.44521715546445517,0.23939606497626503,228,0.6672459482563047
"{'colsample_bytree': 1.0, 'learning_rate': 0.05, 'max_depth': 5, 'min_child_weight': 3, 'n_estimators': 100, 'subsample': 1.0}",-0.4456271635057769,0.1959625369755982,229,0.6675531166175295
"{'colsample_bytree': 1.0, 'learning_rate': 0.05, 'max_depth': 7, 'min_child_weight': 1, 'n_estimators': 300, 'subsample': 1.0}",-0.44729521943542416,0.19513305052561536,230,0.6688013303182225
"{'colsample_bytree': 1.0, 'learning_rate': 0.05, 'max_depth': 5, 'min_child_weight': 1, 'n_estimators': 300, 'subsample': 1.0}",-0.44736645526186025,0.20519617774792837,231,0.668854584541259
"{'colsample_bytree': 1.0, 'learning_rate': 0.05, 'max_depth': 5, 'min_child_weight': 1, 'n_estimators': 200, 'subsample': 1.0}",-0.44747015299385745,0.2051805418253345,232,0.6689320989411836
"{'colsample_bytree': 1.0, 'learning_rate': 0.05, 'max_depth': 7, 'min_child_weight': 1, 'n_estimators': 200, 'subsample': 1.0}",-0.44752180180266377,0.1952315646078357,233,0.6689707032469089
"{'colsample_bytree': 0.8, 'learning_rate': 0.01, 'max_depth': 3, 'min_child_weight': 3, 'n_estimators': 200, 'subsample': 0.8}",-0.44769545429156477,0.22050239876086683,234,0.6691004814611664
"{'colsample_bytree': 0.8, 'learning_rate': 0.01, 'max_depth': 5, 'min_child_weight': 5, 'n_estimators': 300, 'subsample': 1.0}",-0.44829505099722955,0.22074762951386787,235,0.6695483933198776
"{'colsample_bytree': 1.0, 'learning_rate': 0.05, 'max_depth': 7, 'min_child_weight': 3, 'n_estimators': 100, 'subsample': 1.0}",-0.44848813989296,0.1922895378146185,236,0.6696925711794629
"{'colsample_bytree': 0.8, 'learning_rate': 0.01, 'max_depth': 5, 'min_child_weight': 1, 'n_estimators': 200, 'subsample': 0.8}",-0.4511797119533794,0.22484095654466804,237,0.6716991230851649
"{'colsample_bytree': 0.8, 'learning_rate': 0.01, 'max_depth': 7, 'min_child_weight': 5, 'n_estimators': 300, 'subsample': 1.0}",-0.45166582830056734,0.2190592600593818,238,0.6720608813943625
"{'colsample_bytree': 1.0, 'learning_rate': 0.1, 'max_depth': 5, 'min_child_weight': 1, 'n_estimators': 300, 'subsample': 1.0}",-0.45337012718205855,0.1998086193623187,239,0.6733276521739312
"{'colsample_bytree': 1.0, 'learning_rate': 0.1, 'max_depth': 5, 'min_child_weight': 1, 'n_estimators': 200, 'subsample': 1.0}",-0.45337024107172896,0.19980874358658515,240,0.673327736746177
"{'colsample_bytree': 1.0, 'learning_rate': 0.1, 'max_depth': 5, 'min_child_weight': 1, 'n_estimators': 100, 'subsample': 1.0}",-0.45345465219832215,0.1998403971536907,241,0.6733904158794675
"{'colsample_bytree': 0.8, 'learning_rate': 0.01, 'max_depth': 7, 'min_child_weight': 1, 'n_estimators': 200, 'subsample': 0.8}",-0.4537679219497234,0.22743357766275835,242,0.6736229820528122
"{'colsample_bytree': 1.0, 'learning_rate': 0.01, 'max_depth': 3, 'min_child_weight': 5, 'n_estimators': 200, 'subsample': 0.8}",-0.45404601998328864,0.23677016038353524,243,0.6738293700806522
"{'colsample_bytree': 0.8, 'learning_rate': 0.01, 'max_depth': 3, 'min_child_weight': 5, 'n_estimators': 200, 'subsample': 0.8}",-0.4546302918767876,0.23751518062985963,244,0.6742627765766012
"{'colsample_bytree': 1.0, 'learning_rate': 0.01, 'max_depth': 3, 'min_child_weight': 3, 'n_estimators': 200, 'subsample': 0.8}",-0.4560931987080581,0.21837925041552245,245,0.6753467248073822
"{'colsample_bytree': 1.0, 'learning_rate': 0.05, 'max_depth': 5, 'min_child_weight': 1, 'n_estimators': 100, 'subsample': 1.0}",-0.4562981918330061,0.20864704574952958,246,0.6754984765586123
"{'colsample_bytree': 1.0, 'learning_rate': 0.05, 'max_depth': 7, 'min_child_weight': 1, 'n_estimators': 100, 'subsample': 1.0}",-0.4568191246510532,0.19936142708229715,247,0.6758839579772945
"{'colsample_bytree': 0.8, 'learning_rate': 0.01, 'max_depth': 5, 'min_child_weight': 3, 'n_estimators': 300, 'subsample': 1.0}",-0.4570873015365103,0.19142049062742,248,0.6760823186095835
"{'colsample_bytree': 1.0, 'learning_rate': 0.01, 'max_depth': 5, 'min_child_weight': 1, 'n_estimators': 200, 'subsample': 0.8}",-0.45823055592501466,0.2336477116914833,249,0.6769272899839499
"{'colsample_bytree': 0.8, 'learning_rate': 0.01, 'max_depth': 7, 'min_child_weight': 5, 'n_estimators': 200, 'subsample': 0.8}",-0.45883991101559446,0.23830504710726244,250,0.677377229478224
"{'colsample_bytree': 0.8, 'learning_rate': 0.01, 'max_depth': 5, 'min_child_weight': 5, 'n_estimators': 200, 'subsample': 0.8}",-0.45918142602482914,0.23818160782823952,251,0.6776292688667079
"{'colsample_bytree': 1.0, 'learning_rate': 0.01, 'max_depth': 7, 'min_child_weight': 1, 'n_estimators': 200, 'subsample': 0.8}",-0.4602121403457812,0.2366443910116698,252,0.6783893722234903
"{'colsample_bytree': 1.0, 'learning_rate': 0.1, 'max_depth': 7, 'min_child_weight': 1, 'n_estimators': 300, 'subsample': 1.0}",-0.4609496505110533,0.1997889555437125,253,0.6789327290026997
"{'colsample_bytree': 1.0, 'learning_rate': 0.1, 'max_depth': 7, 'min_child_weight': 1, 'n_estimators': 200, 'subsample': 1.0}",-0.4609497253160713,0.19978903916742558,254,0.6789327840928521
"{'colsample_bytree': 1.0, 'learning_rate': 0.1, 'max_depth': 7, 'min_child_weight': 1, 'n_estimators': 100, 'subsample': 1.0}",-0.46108704968395847,0.19984187338371032,255,0.6790339090825719
"{'colsample_bytree': 1.0, 'learning_rate': 0.01, 'max_depth': 5, 'min_child_weight': 5, 'n_estimators': 300, 'subsample': 1.0}",-0.4613801387904699,0.2369336630462677,256,0.6792496881048014
"{'colsample_bytree': 1.0, 'learning_rate': 0.01, 'max_depth': 7, 'min_child_weight': 5, 'n_estimators': 300, 'subsample': 1.0}",-0.46161885856811946,0.23698721037498208,257,0.6794253885218887
"{'colsample_bytree': 0.8, 'learning_rate': 0.01, 'max_depth': 7, 'min_child_weight': 3, 'n_estimators': 300, 'subsample': 1.0}",-0.46215226988269115,0.19249212321061043,258,0.6798178210981903
"{'colsample_bytree': 0.8, 'learning_rate': 0.01, 'max_depth': 7, 'min_child_weight': 3, 'n_estimators': 200, 'subsample': 0.8}",-0.4638656287179434,0.21523526441259855,259,0.6810768155780546
"{'colsample_bytree': 0.8, 'learning_rate': 0.01, 'max_depth': 5, 'min_child_weight': 3, 'n_estimators': 200, 'subsample': 0.8}",-0.46403229332403273,0.21453731593217384,260,0.6811991583406667
"{'colsample_bytree': 0.8, 'learning_rate': 0.01, 'max_depth': 5, 'min_child_weight': 1, 'n_estimators': 300, 'subsample': 1.0}",-0.46466740376743765,0.1911324140664445,261,0.681665169835923
"{'colsample_bytree': 1.0, 'learning_rate': 0.01, 'max_depth': 7, 'min_child_weight': 5, 'n_estimators': 200, 'subsample': 0.8}",-0.4665821350257957,0.23848071140065258,262,0.6830681774360416
"{'colsample_bytree': 1.0, 'learning_rate': 0.01, 'max_depth': 5, 'min_child_weight': 5, 'n_estimators': 200, 'subsample': 0.8}",-0.4671319033369513,0.23824851419133106,263,0.68347048461287
"{'colsample_bytree': 1.0, 'learning_rate': 0.01, 'max_depth': 5, 'min_child_weight': 3, 'n_estimators': 200, 'subsample': 0.8}",-0.46717703291673507,0.2044002543551896,264,0.6835034988328407
"{'colsample_bytree': 1.0, 'learning_rate': 0.01, 'max_depth': 7, 'min_child_weight': 3, 'n_estimators': 200, 'subsample': 0.8}",-0.467288774553961,0.20417491552333597,265,0.6835852357635887
"{'colsample_bytree': 1.0, 'learning_rate': 0.01, 'max_depth': 5, 'min_child_weight': 3, 'n_estimators': 300, 'subsample': 1.0}",-0.4734974319177681,0.20544585562854456,266,0.6881114967196581
"{'colsample_bytree': 1.0, 'learning_rate': 0.01, 'max_depth': 3, 'min_child_weight': 3, 'n_estimators': 200, 'subsample': 1.0}",-0.4769863042498696,0.2184352141404467,267,0.6906419508326074
"{'colsample_bytree': 0.8, 'learning_rate': 0.01, 'max_depth': 7, 'min_child_weight': 1, 'n_estimators': 300, 'subsample': 1.0}",-0.47711936911349706,0.19286573760640963,268,0.6907382783033651
"{'colsample_bytree': 1.0, 'learning_rate': 0.01, 'max_depth': 7, 'min_child_weight': 3, 'n_estimators': 300, 'subsample': 1.0}",-0.47818122170265037,0.20549501940695145,269,0.6915064871009168
"{'colsample_bytree': 0.8, 'learning_rate': 0.01, 'max_depth': 3, 'min_child_weight': 3, 'n_estimators': 200, 'subsample': 1.0}",-0.4786420689063914,0.2173637719251329,270,0.6918396265800272
"{'colsample_bytree': 0.8, 'learning_rate': 0.01, 'max_depth': 3, 'min_child_weight': 1, 'n_estimators': 200, 'subsample': 1.0}",-0.4811465611539026,0.2226511275587179,271,0.6936472887238172
"{'colsample_bytree': 1.0, 'learning_rate': 0.01, 'max_depth': 3, 'min_child_weight': 5, 'n_estimators': 200, 'subsample': 1.0}",-0.48227562439295096,0.24585557663714885,272,0.6944606715955562
"{'colsample_bytree': 1.0, 'learning_rate': 0.01, 'max_depth': 5, 'min_child_weight': 1, 'n_estimators': 300, 'subsample': 1.0}",-0.48263705296773585,0.20630398069353537,273,0.6947208453528193
"{'colsample_bytree': 0.8, 'learning_rate': 0.01, 'max_depth': 3, 'min_child_weight': 5, 'n_estimators': 200, 'subsample': 1.0}",-0.4838361892958452,0.2523180723710688,274,0.6955833446078515
"{'colsample_bytree': 1.0, 'learning_rate': 0.01, 'max_depth': 3, 'min_child_weight': 1, 'n_estimators': 200, 'subsample': 1.0}",-0.4863338335448347,0.22944760224910798,275,0.6973763930223296
"{'colsample_bytree': 1.0, 'learning_rate': 0.01, 'max_depth': 7, 'min_child_weight': 1, 'n_estimators': 300, 'subsample': 1.0}",-0.49507321304749885,0.20982730778292785,276,0.7036143922970158
"{'colsample_bytree': 0.8, 'learning_rate': 0.01, 'max_depth': 5, 'min_child_weight': 5, 'n_estimators': 200, 'subsample': 1.0}",-0.5055025415601193,0.25797877070726444,277,0.7109870192627424
"{'colsample_bytree': 0.8, 'learning_rate': 0.01, 'max_depth': 7, 'min_child_weight': 5, 'n_estimators': 200, 'subsample': 1.0}",-0.5073004134811108,0.25716295622979884,278,0.7122502463889435
"{'colsample_bytree': 0.8, 'learning_rate': 0.01, 'max_depth': 5, 'min_child_weight': 3, 'n_estimators': 200, 'subsample': 1.0}",-0.5086260867618331,0.21805303689021013,279,0.7131802624595223
"{'colsample_bytree': 1.0, 'learning_rate': 0.01, 'max_depth': 7, 'min_child_weight': 5, 'n_estimators': 200, 'subsample': 1.0}",-0.5138875762973869,0.27130525835129565,280,0.7168595234056578
"{'colsample_bytree': 1.0, 'learning_rate': 0.01, 'max_depth': 5, 'min_child_weight': 5, 'n_estimators': 200, 'subsample': 1.0}",-0.514623245132358,0.27137059148632264,281,0.7173724591398516
"{'colsample_bytree': 0.8, 'learning_rate': 0.01, 'max_depth': 5, 'min_child_weight': 1, 'n_estimators': 200, 'subsample': 1.0}",-0.5147125625905213,0.22061348773768938,282,0.7174347096360207
"{'colsample_bytree': 0.8, 'learning_rate': 0.01, 'max_depth': 7, 'min_child_weight': 3, 'n_estimators': 200, 'subsample': 1.0}",-0.5165819200299977,0.22154452406798247,283,0.7187363355431515
"{'colsample_bytree': 1.0, 'learning_rate': 0.01, 'max_depth': 5, 'min_child_weight': 3, 'n_estimators': 200, 'subsample': 1.0}",-0.5266962523460272,0.23509207107469904,284,0.7257384186785396
"{'colsample_bytree': 0.8, 'learning_rate': 0.01, 'max_depth': 7, 'min_child_weight': 1, 'n_estimators': 200, 'subsample': 1.0}",-0.5307448230758635,0.22950147375732283,285,0.7285223559204367
"{'colsample_bytree': 1.0, 'learning_rate': 0.01, 'max_depth': 7, 'min_child_weight': 3, 'n_estimators': 200, 'subsample': 1.0}",-0.5307947209178818,0.2358530943444222,286,0.7285566010392616
"{'colsample_bytree': 1.0, 'learning_rate': 0.01, 'max_depth': 5, 'min_child_weight': 1, 'n_estimators': 200, 'subsample': 1.0}",-0.5315598261462618,0.23722843779684818,287,0.7290814948592934
"{'colsample_bytree': 1.0, 'learning_rate': 0.01, 'max_depth': 7, 'min_child_weight': 1, 'n_estimators': 200, 'subsample': 1.0}",-0.5458528890882078,0.24599970549950098,288,0.7388185765722244
"{'colsample_bytree': 0.8, 'learning_rate': 0.01, 'max_depth': 3, 'min_child_weight': 1, 'n_estimators': 100, 'subsample': 0.8}",-0.6273067093016834,0.3417891453468153,289,0.7920269624840327
"{'colsample_bytree': 1.0, 'learning_rate': 0.01, 'max_depth': 3, 'min_child_weight': 1, 'n_estimators': 100, 'subsample': 0.8}",-0.6300009047287574,0.34570597521836516,290,0.7937259632447192
"{'colsample_bytree': 0.8, 'learning_rate': 0.01, 'max_depth': 5, 'min_child_weight': 1, 'n_estimators': 100, 'subsample': 0.8}",-0.6324133826060334,0.3424023795387161,291,0.7952442282758382
"{'colsample_bytree': 0.8, 'learning_rate': 0.01, 'max_depth': 3, 'min_child_weight': 3, 'n_estimators': 100, 'subsample': 0.8}",-0.6327585892664741,0.325015154772911,292,0.7954612430951454
"{'colsample_bytree': 0.8, 'learning_rate': 0.01, 'max_depth': 5, 'min_child_weight': 3, 'n_estimators': 100, 'subsample': 0.8}",-0.6350772645861017,0.3256127172274769,293,0.7969173511639094
"{'colsample_bytree': 0.8, 'learning_rate': 0.01, 'max_depth': 7, 'min_child_weight': 3, 'n_estimators': 100, 'subsample': 0.8}",-0.6354482586036487,0.32597338334482917,294,0.7971500853689026
"{'colsample_bytree': 1.0, 'learning_rate': 0.01, 'max_depth': 3, 'min_child_weight': 3, 'n_estimators': 100, 'subsample': 0.8}",-0.6358729696046453,0.32137982589167874,295,0.7974164342453981
"{'colsample_bytree': 0.8, 'learning_rate': 0.01, 'max_depth': 7, 'min_child_weight': 1, 'n_estimators': 100, 'subsample': 0.8}",-0.6360414495019062,0.34481258081678035,296,0.7975220683478961
"{'colsample_bytree': 1.0, 'learning_rate': 0.01, 'max_depth': 5, 'min_child_weight': 1, 'n_estimators': 100, 'subsample': 0.8}",-0.6370816238970212,0.34723804938215647,297,0.7981739308553125
"{'colsample_bytree': 1.0, 'learning_rate': 0.01, 'max_depth': 7, 'min_child_weight': 1, 'n_estimators': 100, 'subsample': 0.8}",-0.6387027131507316,0.34894164238744146,298,0.7991887844250141
"{'colsample_bytree': 1.0, 'learning_rate': 0.01, 'max_depth': 5, 'min_child_weight': 3, 'n_estimators': 100, 'subsample': 0.8}",-0.6387971907857045,0.3162500100856309,299,0.7992478906983143
"{'colsample_bytree': 1.0, 'learning_rate': 0.01, 'max_depth': 7, 'min_child_weight': 3, 'n_estimators': 100, 'subsample': 0.8}",-0.6389241181356919,0.3161406246957511,300,0.7993272909989324
"{'colsample_bytree': 1.0, 'learning_rate': 0.01, 'max_depth': 3, 'min_child_weight': 5, 'n_estimators': 100, 'subsample': 0.8}",-0.6459035195016432,0.33430390478275557,301,0.8036812300294459
"{'colsample_bytree': 0.8, 'learning_rate': 0.01, 'max_depth': 7, 'min_child_weight': 5, 'n_estimators': 100, 'subsample': 0.8}",-0.6464250410310077,0.34003708290244267,302,0.8040056225120616
"{'colsample_bytree': 0.8, 'learning_rate': 0.01, 'max_depth': 5, 'min_child_weight': 5, 'n_estimators': 100, 'subsample': 0.8}",-0.647240065657637,0.3400498665396286,303,0.8045123154170091
"{'colsample_bytree': 0.8, 'learning_rate': 0.01, 'max_depth': 3, 'min_child_weight': 5, 'n_estimators': 100, 'subsample': 0.8}",-0.6480277109898929,0.3369202910342137,304,0.8050016838428928
"{'colsample_bytree': 1.0, 'learning_rate': 0.01, 'max_depth': 7, 'min_child_weight': 5, 'n_estimators': 100, 'subsample': 0.8}",-0.6503881881352829,0.3398918092253678,305,0.8064664829583947
"{'colsample_bytree': 1.0, 'learning_rate': 0.01, 'max_depth': 5, 'min_child_weight': 5, 'n_estimators': 100, 'subsample': 0.8}",-0.6509558839493368,0.33988508069030177,306,0.8068183711030239
"{'colsample_bytree': 0.8, 'learning_rate': 0.01, 'max_depth': 3, 'min_child_weight': 1, 'n_estimators': 100, 'subsample': 1.0}",-0.662591152993051,0.3432651558360712,307,0.8139970227175595
"{'colsample_bytree': 0.8, 'learning_rate': 0.01, 'max_depth': 3, 'min_child_weight': 3, 'n_estimators': 100, 'subsample': 1.0}",-0.6633021153376022,0.3299846884012763,308,0.8144336162865591
"{'colsample_bytree': 1.0, 'learning_rate': 0.01, 'max_depth': 3, 'min_child_weight': 3, 'n_estimators': 100, 'subsample': 1.0}",-0.6655861147299633,0.33274988678400846,309,0.8158346123632922
"{'colsample_bytree': 1.0, 'learning_rate': 0.01, 'max_depth': 3, 'min_child_weight': 1, 'n_estimators': 100, 'subsample': 1.0}",-0.6684115329180973,0.34624888738464016,310,0.8175643906861999
"{'colsample_bytree': 1.0, 'learning_rate': 0.01, 'max_depth': 7, 'min_child_weight': 5, 'n_estimators': 100, 'subsample': 1.0}",-0.6744773935607176,0.35169189350814045,311,0.8212657265226143
"{'colsample_bytree': 1.0, 'learning_rate': 0.01, 'max_depth': 5, 'min_child_weight': 5, 'n_estimators': 100, 'subsample': 1.0}",-0.6766661212471738,0.3514455742715642,312,0.8225971804274398
"{'colsample_bytree': 0.8, 'learning_rate': 0.01, 'max_depth': 5, 'min_child_weight': 5, 'n_estimators': 100, 'subsample': 1.0}",-0.6798084046314576,0.34405635716368366,313,0.824504945183143
"{'colsample_bytree': 0.8, 'learning_rate': 0.01, 'max_depth': 7, 'min_child_weight': 5, 'n_estimators': 100, 'subsample': 1.0}",-0.6820887195649499,0.34391387735549966,314,0.8258866263385973
"{'colsample_bytree': 0.8, 'learning_rate': 0.01, 'max_depth': 3, 'min_child_weight': 5, 'n_estimators': 100, 'subsample': 1.0}",-0.6855541559717651,0.3418229651256919,315,0.8279819780476898
"{'colsample_bytree': 1.0, 'learning_rate': 0.01, 'max_depth': 3, 'min_child_weight': 5, 'n_estimators': 100, 'subsample': 1.0}",-0.6914975793262104,0.34485610762665103,316,0.8315633345249238
"{'colsample_bytree': 0.8, 'learning_rate': 0.01, 'max_depth': 7, 'min_child_weight': 3, 'n_estimators': 100, 'subsample': 1.0}",-0.6923845402423876,0.3439996441691804,317,0.8320964729178868
"{'colsample_bytree': 0.8, 'learning_rate': 0.01, 'max_depth': 5, 'min_child_weight': 3, 'n_estimators': 100, 'subsample': 1.0}",-0.694661453035819,0.34586465579721054,318,0.8334635283177178
"{'colsample_bytree': 0.8, 'learning_rate': 0.01, 'max_depth': 5, 'min_child_weight': 1, 'n_estimators': 100, 'subsample': 1.0}",-0.6954323031842892,0.35093627994724635,319,0.8339258379402147
"{'colsample_bytree': 0.8, 'learning_rate': 0.01, 'max_depth': 7, 'min_child_weight': 1, 'n_estimators': 100, 'subsample': 1.0}",-0.6963200616038294,0.35131088362061275,320,0.8344579447784228
"{'colsample_bytree': 1.0, 'learning_rate': 0.01, 'max_depth': 5, 'min_child_weight': 1, 'n_estimators': 100, 'subsample': 1.0}",-0.7028455211380576,0.36873458299822326,321,0.8383588260035542
"{'colsample_bytree': 1.0, 'learning_rate': 0.01, 'max_depth': 7, 'min_child_weight': 1, 'n_estimators': 100, 'subsample': 1.0}",-0.7038668714910659,0.3669018817632174,322,0.8389677416272129
"{'colsample_bytree': 1.0, 'learning_rate': 0.01, 'max_depth': 5, 'min_child_weight': 3, 'n_estimators': 100, 'subsample': 1.0}",-0.7059061832283234,0.35717044489368693,323,0.8401822321546222
"{'colsample_bytree': 1.0, 'learning_rate': 0.01, 'max_depth': 7, 'min_child_weight': 3, 'n_estimators': 100, 'subsample': 1.0}",-0.7064509396392816,0.3566772748941097,324,0.8405063590712932
